datum,M01AB,M01AE,N02BA,N02BE,N05B,N05C,R03,R06,Year,Month,Hour,Weekday Name,outlier_column
5/30/2015,14.0,2.68,6.0,24.5,4.0,0.0,4.0,8.0,2015,5,276,Saturday,M01AB
7/28/2015,14.18,6.02,1.0,15.2,14.0,0.0,1.0,3.0,2015,7,276,Tuesday,M01AB
8/11/2015,12.33,6.66,7.4,18.1,10.0,0.0,0.0,4.0,2015,8,276,Tuesday,M01AB
9/26/2015,12.42,3.33,2.5,33.0,6.0,1.0,7.0,2.0,2015,9,276,Saturday,M01AB
2/2/2016,14.33,4.878,1.3,39.0,6.0,0.0,0.0,1.0,2016,2,276,Tuesday,M01AB
4/23/2016,13.66,3.69,8.0,33.2,8.0,0.0,0.0,4.5,2016,4,276,Saturday,M01AB
5/28/2016,12.33,0.363,3.0,43.0,4.0,0.0,4.0,9.0,2016,5,276,Saturday,M01AB
7/25/2016,13.0,3.33,7.0,22.0,9.0,0.0,4.0,4.0,2016,7,276,Monday,M01AB
9/28/2016,13.68,1.802,5.45,64.5,3.0,0.0,0.0,4.0,2016,9,276,Wednesday,M01AB
10/2/2016,17.0,4.056,9.7,80.5,6.0,0.0,18.0,3.0,2016,10,276,Sunday,M01AB
10/23/2016,12.33,5.78,3.8,51.21666667,10.0,0.0,11.0,2.0,2016,10,276,Sunday,M01AB
10/29/2016,15.33,4.54,6.1,78.5,23.0,0.0,9.0,5.0,2016,10,276,Saturday,M01AB
3/5/2017,12.33,4.33,5.0,33.9,3.0,0.0,6.0,5.0,2017,3,276,Sunday,M01AB
8/31/2017,16.68,3.033,3.05,17.0,4.0,0.0,0.0,1.0,2017,8,276,Thursday,M01AB
11/21/2017,13.33,0.68,1.0,22.4,5.0,0.0,2.0,1.0,2017,11,276,Tuesday,M01AB
12/31/2017,13.83,10.043,5.3,70.2,9.0,0.0,0.0,1.0,2017,12,276,Sunday,M01AB
4/7/2018,16.18,4.506,2.0,40.0,4.0,0.0,5.0,7.0,2018,4,276,Saturday,M01AB
6/1/2018,12.33,2.18,4.0,29.0,9.0,0.0,5.0,3.0,2018,6,276,Friday,M01AB
11/4/2018,13.99,4.896,0.0,52.0,7.0,0.0,13.0,1.0,2018,11,276,Sunday,M01AB
12/23/2018,12.33,6.406,2.3,47.7,8.0,0.0,13.0,4.0,2018,12,276,Sunday,M01AB
2/2/2019,13.34,12.706,6.2,64.262,8.0,1.0,45.0,0.0,2019,2,276,Saturday,M01AB
3/11/2019,14.66,3.67,2.5,26.4,10.0,3.0,11.0,3.0,2019,3,276,Monday,M01AB
4/25/2019,14.01,3.59,2.0,15.0,17.0,1.0,7.0,5.4,2019,4,276,Thursday,M01AB
4/27/2019,17.34,2.497,3.1,25.2,13.0,1.0,7.0,7.0,2019,4,276,Saturday,M01AB
7/26/2019,12.5,4.0,0.1,17.0,12.0,0.0,8.0,3.0,2019,7,276,Friday,M01AB
8/24/2019,13.84,6.02,3.0,24.6,9.0,0.0,0.0,5.5,2019,8,276,Saturday,M01AB
2/10/2014,5.0,10.33,8.5,40.1,20.0,3.0,3.0,1.0,2014,2,276,Monday,M01AE
11/7/2014,6.0,10.34,5.5,15.8,32.0,1.0,0.0,1.0,2014,11,276,Friday,M01AE
12/28/2014,2.34,10.76,3.0,80.4,15.0,0.0,13.0,1.0,2014,12,276,Sunday,M01AE
1/6/2015,3.0,9.37,7.3,42.0,13.0,0.0,3.0,0.0,2015,1,276,Tuesday,M01AE
8/29/2015,10.84,10.34,4.0,23.2,4.0,3.0,3.0,2.0,2015,8,276,Saturday,M01AE
8/31/2015,4.0,9.34,3.4,38.0,9.5,0.0,6.0,2.0,2015,8,276,Monday,M01AE
9/6/2015,8.33,9.67,6.0,23.6,8.0,1.0,0.0,3.0,2015,9,276,Sunday,M01AE
9/21/2015,2.0,10.0,2.0,46.7,6.0,0.0,0.0,2.0,2015,9,276,Monday,M01AE
11/15/2015,1.33,11.99,9.3,42.35,8.0,2.0,17.0,0.0,2015,11,276,Sunday,M01AE
12/10/2015,11.66,10.69,16.0,31.9,9.0,0.0,9.0,2.1,2015,12,276,Thursday,M01AE
2/6/2016,5.33,10.33,3.0,57.162,1.0,0.0,11.0,2.0,2016,2,276,Saturday,M01AE
3/2/2016,3.33,10.396,5.3,21.3,15.0,2.0,1.0,0.0,2016,3,276,Wednesday,M01AE
3/10/2016,6.33,10.33,2.0,23.4,8.0,0.0,2.0,2.0,2016,3,276,Thursday,M01AE
3/16/2016,5.33,13.34,5.7,37.4,16.0,0.0,4.0,4.0,2016,3,276,Wednesday,M01AE
3/20/2016,7.99,9.693,2.2,42.2,1.0,0.0,15.0,5.0,2016,3,276,Sunday,M01AE
4/30/2016,9.66,10.32,7.0,47.812,11.0,0.0,1.0,4.5,2016,4,276,Saturday,M01AE
5/8/2016,5.0,10.66,1.0,40.4,12.0,0.0,1.0,11.0,2016,5,276,Sunday,M01AE
9/10/2016,8.33,11.31,10.0,34.0,9.0,0.0,4.0,3.0,2016,9,276,Saturday,M01AE
10/30/2016,4.66,10.32,5.75,73.1,5.0,0.0,0.0,2.0,2016,10,276,Sunday,M01AE
11/13/2016,6.0,11.32,3.6,60.2,0.0,0.0,5.0,1.0,2016,11,276,Sunday,M01AE
2/5/2017,10.67,10.725,5.0,38.6,1.0,0.0,11.0,1.1,2017,2,276,Sunday,M01AE
2/12/2017,10.0,10.67,7.8,27.4,4.0,0.0,2.0,1.0,2017,2,276,Sunday,M01AE
7/15/2017,3.33,9.34,3.0,21.0,3.0,0.0,0.0,2.0,2017,7,276,Saturday,M01AE
7/16/2017,11.34,9.34,3.0,19.0,6.0,0.0,0.0,1.0,2017,7,276,Sunday,M01AE
12/31/2017,13.83,10.043,5.3,70.2,9.0,0.0,0.0,1.0,2017,12,276,Sunday,M01AE
3/26/2018,5.0,9.66,0.2,27.6,15.0,4.0,5.0,3.3,2018,3,276,Monday,M01AE
5/6/2018,3.34,10.66,0.25,18.2,9.0,0.0,3.0,13.5,2018,5,276,Sunday,M01AE
7/15/2018,10.0,9.42,3.5,23.0,4.0,0.0,1.0,7.0,2018,7,276,Sunday,M01AE
9/23/2018,7.34,9.439,3.25,42.862,9.0,0.0,8.0,5.0,2018,9,276,Sunday,M01AE
1/6/2019,8.33,10.01,2.25,47.4,11.0,2.0,0.0,3.0,2019,1,276,Sunday,M01AE
1/14/2019,9.0,9.7,3.0,51.0,10.0,0.0,18.0,0.0,2019,1,276,Monday,M01AE
1/20/2019,11.67,14.463,2.1,93.05,6.0,0.0,34.0,1.0,2019,1,276,Sunday,M01AE
1/27/2019,10.52,11.745,2.0,100.1,12.0,1.0,6.0,2.0,2019,1,276,Sunday,M01AE
1/31/2019,1.67,11.505,2.0,62.2,8.0,1.0,20.0,2.0,2019,1,276,Thursday,M01AE
2/2/2019,13.34,12.706,6.2,64.262,8.0,1.0,45.0,0.0,2019,2,276,Saturday,M01AE
2/3/2019,6.0,9.812,5.75,47.088,10.0,1.0,5.0,4.4,2019,2,276,Sunday,M01AE
2/5/2019,5.33,10.386,3.65,33.8,2.0,0.0,1.0,4.0,2019,2,276,Tuesday,M01AE
3/30/2019,4.66,10.68,1.1,18.0,11.0,1.0,0.0,6.1,2019,3,276,Saturday,M01AE
9/5/2019,7.0,9.53,2.0,14.0,1.0,0.0,1.0,8.0,2019,9,276,Thursday,M01AE
10/6/2019,4.0,11.69,2.0,34.6,6.0,0.0,5.0,4.2,2019,10,276,Sunday,M01AE
1/8/2014,5.33,3.0,10.5,26.4,19.0,1.0,10.0,0.0,2014,1,276,Wednesday,N02BA
1/11/2014,5.0,4.34,10.4,52.3,14.0,0.0,1.0,0.2,2014,1,276,Saturday,N02BA
1/14/2014,6.0,1.33,12.3,33.7,6.0,1.0,0.0,2.0,2014,1,276,Tuesday,N02BA
2/7/2014,2.66,8.67,11.7,21.4,19.0,1.0,0.0,0.0,2014,2,276,Friday,N02BA
2/8/2014,3.33,3.35,14.4,37.1,13.0,1.0,1.0,1.0,2014,2,276,Saturday,N02BA
2/11/2014,10.0,6.99,13.3,44.6,20.0,2.0,6.0,2.2,2014,2,276,Tuesday,N02BA
2/17/2014,7.34,4.0,12.7,27.0,13.0,1.0,7.0,0.0,2014,2,276,Monday,N02BA
2/25/2014,5.0,1.68,11.2,34.5,13.0,0.0,0.0,2.0,2014,2,276,Tuesday,N02BA
3/1/2014,6.34,3.68,11.355,50.7,8.0,0.0,0.0,2.1,2014,3,276,Saturday,N02BA
3/15/2014,4.0,2.0,11.0,23.3,18.0,1.0,6.0,2.0,2014,3,276,Saturday,N02BA
6/26/2014,3.0,2.0,11.3,19.3,14.0,0.0,0.0,1.0,2014,6,276,Thursday,N02BA
7/12/2014,8.34,2.68,10.5,28.1,12.0,3.0,12.0,4.0,2014,7,276,Saturday,N02BA
11/28/2014,3.02,1.4,15.0,15.9,12.0,1.0,2.0,1.0,2014,11,276,Friday,N02BA
3/31/2015,5.0,2.0,11.2,33.5,5.0,0.0,2.0,4.0,2015,3,276,Tuesday,N02BA
7/30/2015,3.0,3.33,14.0,16.3,3.0,0.0,0.0,4.0,2015,7,276,Thursday,N02BA
10/23/2015,7.0,1.66,10.2,41.4,3.0,0.0,6.0,2.0,2015,10,276,Friday,N02BA
12/10/2015,11.66,10.69,16.0,31.9,9.0,0.0,9.0,2.1,2015,12,276,Thursday,N02BA
1/10/2016,7.0,4.033,12.0,67.6,8.0,1.0,1.0,0.0,2016,1,276,Sunday,N02BA
1/12/2016,12.0,3.132,12.0,61.35,8.0,0.0,0.0,0.0,2016,1,276,Tuesday,N02BA
1/15/2016,8.98,4.66,10.6,18.1,8.0,0.0,10.0,2.0,2016,1,276,Friday,N02BA
1/24/2016,4.0,6.122,11.3,48.1,3.0,0.0,12.0,3.0,2016,1,276,Sunday,N02BA
2/3/2016,8.0,6.693,11.5,39.062,11.0,5.0,0.0,0.0,2016,2,276,Wednesday,N02BA
2/28/2016,8.0,4.033,10.1,66.5,6.0,0.0,26.0,5.0,2016,2,276,Sunday,N02BA
3/27/2016,7.83,5.449,13.7,63.3,11.0,1.0,1.0,4.0,2016,3,276,Sunday,N02BA
10/11/2016,7.33,2.406,11.65,52.6,54.83333333,1.0,8.0,1.0,2016,10,276,Tuesday,N02BA
12/10/2016,7.34,6.33,10.1,45.4,1.0,0.0,15.0,2.0,2016,12,276,Saturday,N02BA
1/10/2017,6.3875,4.73875,13.29166667,54.25,25.0,1.666666667,7.5,0.833333333,2017,1,276,Tuesday,N02BA
1/24/2017,6.1125,5.770833333,10.95833333,40.08333333,11.25,0.0,10.0,2.916666667,2017,1,276,Tuesday,N02BA
11/6/2018,3.33,6.68,10.55,37.7,8.0,0.0,13.0,2.5,2018,11,276,Tuesday,N02BA
2/15/2019,5.34,5.0,12.5,52.05,16.0,0.0,3.0,2.0,2019,2,276,Friday,N02BA
6/11/2019,11.34,3.33,10.5,25.0,9.0,0.0,7.0,6.0,2019,6,276,Tuesday,N02BA
2/12/2014,9.0,1.67,9.1,73.6,9.0,0.0,5.0,0.0,2014,2,276,Wednesday,N02BE
10/6/2014,5.34,1.365,2.4,69.875,13.0,1.0,0.0,1.0,2014,10,276,Monday,N02BE
12/28/2014,2.34,10.76,3.0,80.4,15.0,0.0,13.0,1.0,2014,12,276,Sunday,N02BE
10/5/2015,5.0,2.373,2.2,70.95,11.0,1.0,7.0,5.0,2015,10,276,Monday,N02BE
10/11/2015,10.33,2.792,7.1,70.3,8.0,0.0,3.0,5.0,2015,10,276,Sunday,N02BE
10/12/2015,9.66,7.33,6.0,68.85,12.0,0.0,5.0,3.0,2015,10,276,Monday,N02BE
10/17/2015,10.34,2.837,3.4,74.3,8.0,0.0,0.0,1.0,2015,10,276,Saturday,N02BE
10/24/2015,9.84,8.35,9.1,67.4,8.0,0.0,4.0,2.0,2015,10,276,Saturday,N02BE
11/1/2015,2.33,7.99,5.6,80.4,11.0,0.0,5.0,0.0,2015,11,276,Sunday,N02BE
11/7/2015,4.0,3.11,4.8,69.9,15.0,1.0,6.0,1.0,2015,11,276,Saturday,N02BE
11/23/2015,3.0,1.0,4.7,69.0,3.0,0.0,1.0,2.0,2015,11,276,Monday,N02BE
12/26/2015,4.67,1.66,5.0,87.2,15.0,3.0,0.0,4.3,2015,12,276,Saturday,N02BE
12/29/2015,10.67,2.33,2.0,71.6,9.0,0.0,2.0,3.0,2015,12,276,Tuesday,N02BE
1/9/2016,7.33,2.66,5.0,88.3,9.0,0.0,3.0,3.0,2016,1,276,Saturday,N02BE
1/10/2016,7.0,4.033,12.0,67.6,8.0,1.0,1.0,0.0,2016,1,276,Sunday,N02BE
1/14/2016,2.0,5.155,6.0,69.0,18.0,0.0,8.0,2.0,2016,1,276,Thursday,N02BE
1/21/2016,5.0,1.43,1.0,68.4,8.0,4.0,6.0,5.0,2016,1,276,Thursday,N02BE
1/29/2016,5.0,8.67,8.6,74.4,3.0,1.0,17.0,2.0,2016,1,276,Friday,N02BE
1/31/2016,4.33,5.143,3.8,78.9,3.0,0.0,6.0,2.0,2016,1,276,Sunday,N02BE
2/7/2016,3.66,6.056,4.5,88.2,2.0,0.0,13.0,1.0,2016,2,276,Sunday,N02BE
3/6/2016,5.0,8.145,4.9,79.9,2.0,0.0,5.0,7.0,2016,3,276,Sunday,N02BE
4/3/2016,9.67,7.396,5.3,73.5,5.0,0.0,6.0,11.0,2016,4,276,Sunday,N02BE
10/2/2016,17.0,4.056,9.7,80.5,6.0,0.0,18.0,3.0,2016,10,276,Sunday,N02BE
10/5/2016,4.0,4.0,4.0,78.2,8.0,0.0,1.0,1.0,2016,10,276,Wednesday,N02BE
10/9/2016,6.68,5.02,5.5,88.4,2.0,0.0,9.0,1.0,2016,10,276,Sunday,N02BE
10/16/2016,8.33,5.122,10.0,89.3,3.0,0.0,6.0,5.0,2016,10,276,Sunday,N02BE
10/29/2016,15.33,4.54,6.1,78.5,23.0,0.0,9.0,5.0,2016,10,276,Saturday,N02BE
10/30/2016,4.66,10.32,5.75,73.1,5.0,0.0,0.0,2.0,2016,10,276,Sunday,N02BE
12/24/2016,6.33,6.7,4.2,82.0,4.0,1.0,2.0,1.0,2016,12,276,Saturday,N02BE
12/25/2016,2.33,7.627,5.7,79.8,0.0,0.0,9.0,1.0,2016,12,276,Sunday,N02BE
12/29/2016,11.0,6.01,6.35,81.2,4.0,3.0,6.0,2.0,2016,12,276,Thursday,N02BE
12/30/2016,5.66,8.99,7.3,161.0,13.0,0.0,3.0,0.0,2016,12,276,Friday,N02BE
12/31/2016,8.33,7.759,7.45,108.7,7.0,0.0,12.0,0.0,2016,12,276,Saturday,N02BE
10/1/2017,4.0,5.891,3.0,72.1,7.0,1.0,20.0,1.0,2017,10,276,Sunday,N02BE
10/8/2017,8.67,3.261,5.2,77.1,2.0,0.0,15.0,4.0,2017,10,276,Sunday,N02BE
12/31/2017,13.83,10.043,5.3,70.2,9.0,0.0,0.0,1.0,2017,12,276,Sunday,N02BE
1/6/2018,4.66,1.66,2.2,73.0,4.0,0.0,5.0,8.0,2018,1,276,Saturday,N02BE
2/15/2018,1.5,6.945,0.85,74.6,6.0,0.0,10.0,0.0,2018,2,276,Thursday,N02BE
3/11/2018,4.66,7.54,5.6,68.0,0.0,0.0,11.0,3.0,2018,3,276,Sunday,N02BE
12/29/2018,6.68,5.611,1.0,68.35,5.0,0.0,7.0,2.0,2018,12,276,Saturday,N02BE
1/12/2019,6.66,7.02,5.0,74.5,21.2,0.0,10.0,0.0,2019,1,276,Saturday,N02BE
1/13/2019,8.33,5.814,4.6,73.0,4.0,1.0,1.0,2.0,2019,1,276,Sunday,N02BE
1/19/2019,7.02,8.391,5.5,77.4,9.0,0.0,1.0,3.0,2019,1,276,Saturday,N02BE
1/20/2019,11.67,14.463,2.1,93.05,6.0,0.0,34.0,1.0,2019,1,276,Sunday,N02BE
1/22/2019,6.83,7.076,1.0,74.9,13.0,1.0,7.0,0.0,2019,1,276,Tuesday,N02BE
1/26/2019,7.0,8.459,2.4,97.8,11.0,1.0,13.0,1.0,2019,1,276,Saturday,N02BE
1/27/2019,10.52,11.745,2.0,100.1,12.0,1.0,6.0,2.0,2019,1,276,Sunday,N02BE
9/29/2019,3.51,3.867,3.0,67.8,6.0,0.0,3.0,2.1,2019,9,276,Sunday,N02BE
6/24/2014,3.0,5.14,4.0,16.2,23.0,0.0,2.0,4.0,2014,6,276,Tuesday,N05B
7/10/2014,2.33,4.66,8.0,21.2,32.0,0.0,5.0,4.0,2014,7,276,Thursday,N05B
8/9/2014,4.0,1.34,6.0,19.0,24.0,3.0,0.0,5.9,2014,8,276,Saturday,N05B
8/16/2014,8.0,2.43,5.0,19.0,27.0,2.0,0.0,1.0,2014,8,276,Saturday,N05B
9/6/2014,5.34,5.0,2.4,15.7,30.0,2.0,5.0,3.1,2014,9,276,Saturday,N05B
10/10/2014,4.34,2.68,9.0,28.8,24.0,3.0,6.0,0.5,2014,10,276,Friday,N05B
10/18/2014,4.0,6.0,5.5,21.4,24.0,0.0,3.0,2.0,2014,10,276,Saturday,N05B
10/20/2014,3.34,5.66,7.3,35.4,25.0,2.0,0.0,1.0,2014,10,276,Monday,N05B
10/28/2014,4.0,3.48,10.0,40.4,23.0,0.0,0.0,2.0,2014,10,276,Tuesday,N05B
11/6/2014,6.0,2.34,5.2,23.4,23.0,1.0,0.0,0.0,2014,11,276,Thursday,N05B
11/7/2014,6.0,10.34,5.5,15.8,32.0,1.0,0.0,1.0,2014,11,276,Friday,N05B
11/8/2014,12.0,7.02,6.0,34.4,24.0,0.0,17.0,2.2,2014,11,276,Saturday,N05B
11/17/2014,9.0,5.01,5.5,23.0,23.0,1.0,10.0,0.2,2014,11,276,Monday,N05B
12/2/2014,6.99,4.33,3.7,7.8,26.0,0.0,4.0,1.0,2014,12,276,Tuesday,N05B
12/3/2014,4.0,3.33,5.0,16.6,23.0,2.0,13.0,3.2,2014,12,276,Wednesday,N05B
12/10/2014,3.34,3.0,2.0,51.2,28.0,3.0,6.0,0.0,2014,12,276,Wednesday,N05B
12/16/2014,6.34,1.34,6.2,23.0,23.0,3.0,4.0,1.0,2014,12,276,Tuesday,N05B
12/22/2014,3.34,4.68,2.284,19.6,43.0,1.0,13.0,4.0,2014,12,276,Monday,N05B
12/26/2014,3.33,4.01,3.0,30.7,25.0,1.0,0.0,0.0,2014,12,276,Friday,N05B
12/27/2014,7.33,5.34,4.4,39.0,26.0,0.0,9.0,3.0,2014,12,276,Saturday,N05B
1/9/2015,3.0,4.34,9.4,36.2,33.0,2.0,7.0,2.0,2015,1,276,Friday,N05B
1/20/2015,4.34,0.33,6.0,38.0,24.0,1.0,4.0,1.0,2015,1,276,Tuesday,N05B
1/24/2015,4.34,3.33,9.2,49.7,31.0,0.0,22.0,1.0,2015,1,276,Saturday,N05B
12/2/2015,1.0,3.33,2.4,42.0,23.0,4.0,0.0,0.0,2015,12,276,Wednesday,N05B
12/25/2015,0.66,4.66,2.0,20.662,28.0,2.0,1.0,1.0,2015,12,276,Friday,N05B
1/20/2016,2.32,3.363,3.0,15.1,29.0,3.0,3.0,2.0,2016,1,276,Wednesday,N05B
2/10/2016,4.34,4.703,7.2,34.1,29.0,0.0,4.0,2.0,2016,2,276,Wednesday,N05B
4/27/2016,5.66,7.495,7.0,47.4,27.0,0.0,1.0,2.0,2016,4,276,Wednesday,N05B
8/5/2016,10.33,3.42,3.7,21.0,24.0,0.0,24.0,1.3,2016,8,276,Friday,N05B
8/6/2016,3.0,3.662,5.0,20.0,33.0,0.0,1.0,2.0,2016,8,276,Saturday,N05B
8/8/2016,8.34,5.99,5.5,15.0,36.0,0.0,1.0,4.0,2016,8,276,Monday,N05B
8/9/2016,6.33,4.66,7.0,29.0,26.0,1.0,2.0,4.0,2016,8,276,Tuesday,N05B
9/2/2016,9.34,4.02,5.0,10.0,25.0,0.0,5.0,2.0,2016,9,276,Friday,N05B
9/15/2016,3.0,6.628,2.0,38.0,31.0,0.0,3.0,1.0,2016,9,276,Thursday,N05B
10/11/2016,7.33,2.406,11.65,52.6,54.83333333,1.0,8.0,1.0,2016,10,276,Tuesday,N05B
10/29/2016,15.33,4.54,6.1,78.5,23.0,0.0,9.0,5.0,2016,10,276,Saturday,N05B
11/15/2016,5.33,0.33,4.0,30.1,27.0,5.0,5.0,1.0,2016,11,276,Tuesday,N05B
12/12/2016,3.66,2.429,3.1,44.5,28.33333333,3.0,21.0,4.0,2016,12,276,Monday,N05B
1/10/2017,6.3875,4.73875,13.29166667,54.25,25.0,1.666666667,7.5,0.833333333,2017,1,276,Tuesday,N05B
1/20/2017,3.608333333,4.73875,4.125,37.625,23.33333333,2.916666667,12.5,2.5,2017,1,276,Friday,N05B
3/1/2018,1.0,6.033,1.05,26.4,26.0,1.0,12.0,1.0,2018,3,276,Thursday,N05B
3/2/2018,4.0,3.0,9.5,38.4,24.0,3.0,17.0,5.5,2018,3,276,Friday,N05B
3/7/2018,4.5,1.67,4.0,20.2,31.0,5.0,11.0,1.4,2018,3,276,Wednesday,N05B
3/28/2018,5.5,1.66,1.0,11.924,23.0,2.0,6.0,1.5,2018,3,276,Wednesday,N05B
3/30/2018,5.33,4.46,9.0,42.0,33.0,8.0,3.0,2.0,2018,3,276,Friday,N05B
4/2/2018,5.66,4.396,6.3,30.0,31.0,0.0,10.0,10.0,2018,4,276,Monday,N05B
1/9/2019,3.0,1.33,2.0,64.8,24.0,3.0,10.0,1.0,2019,1,276,Wednesday,N05B
3/7/2019,7.33,2.076,4.25,10.0,24.0,0.0,0.0,4.0,2019,3,276,Thursday,N05B
1/18/2014,1.0,5.33,5.8,43.2,15.0,4.0,7.0,2.0,2014,1,276,Saturday,N05C
1/23/2014,4.0,4.67,5.2,26.2,2.0,3.0,1.0,3.0,2014,1,276,Thursday,N05C
1/28/2014,6.0,3.34,2.8,13.38,22.0,5.0,1.0,5.0,2014,1,276,Tuesday,N05C
2/10/2014,5.0,10.33,8.5,40.1,20.0,3.0,3.0,1.0,2014,2,276,Monday,N05C
2/13/2014,4.33,3.67,10.0,49.1,13.0,3.0,0.0,1.0,2014,2,276,Thursday,N05C
2/14/2014,4.0,4.01,3.2,42.3,13.0,4.0,0.0,6.0,2014,2,276,Friday,N05C
2/20/2014,7.0,7.02,3.2,21.5,16.0,3.0,8.0,1.0,2014,2,276,Thursday,N05C
3/12/2014,6.34,2.68,6.5,19.6,22.0,3.0,2.0,2.0,2014,3,276,Wednesday,N05C
3/26/2014,2.34,3.99,9.0,6.7,7.0,3.0,3.0,0.0,2014,3,276,Wednesday,N05C
4/1/2014,4.34,1.34,6.5,27.5,5.0,3.0,3.0,1.0,2014,4,276,Tuesday,N05C
4/4/2014,3.0,3.67,3.0,24.0,9.0,3.0,8.0,2.0,2014,4,276,Friday,N05C
5/8/2014,2.0,2.34,3.4,20.4,10.0,3.0,0.0,5.0,2014,5,276,Thursday,N05C
5/10/2014,5.0,6.0,9.0,39.4,15.0,3.0,1.0,5.0,2014,5,276,Saturday,N05C
6/2/2014,4.0,4.34,10.0,23.3,16.0,3.0,0.0,3.0,2014,6,276,Monday,N05C
6/9/2014,6.33,1.34,5.0,18.0,17.0,4.0,0.0,11.0,2014,6,276,Monday,N05C
6/21/2014,6.0,5.68,2.0,16.0,12.0,3.0,0.0,3.0,2014,6,276,Saturday,N05C
7/9/2014,3.0,6.34,5.0,13.0,6.0,4.0,0.0,2.2,2014,7,276,Wednesday,N05C
7/12/2014,8.34,2.68,10.5,28.1,12.0,3.0,12.0,4.0,2014,7,276,Saturday,N05C
7/18/2014,9.0,2.34,1.5,14.2,6.0,3.0,0.0,4.0,2014,7,276,Friday,N05C
7/29/2014,2.34,0.68,1.0,13.0,15.0,3.0,0.0,5.0,2014,7,276,Tuesday,N05C
8/3/2014,5.0,1.0,3.0,6.0,5.0,5.0,0.0,0.0,2014,8,276,Sunday,N05C
8/8/2014,5.02,4.02,5.0,13.0,12.0,3.0,2.0,2.0,2014,8,276,Friday,N05C
8/9/2014,4.0,1.34,6.0,19.0,24.0,3.0,0.0,5.9,2014,8,276,Saturday,N05C
8/18/2014,4.34,6.0,3.1,16.5,21.0,3.0,10.0,2.0,2014,8,276,Monday,N05C
10/10/2014,4.34,2.68,9.0,28.8,24.0,3.0,6.0,0.5,2014,10,276,Friday,N05C
10/17/2014,3.0,2.34,3.4,42.0,22.0,3.0,0.0,2.0,2014,10,276,Friday,N05C
11/5/2014,0.0,1.68,4.0,27.0,19.0,3.0,1.0,0.0,2014,11,276,Wednesday,N05C
11/26/2014,3.0,5.0,6.0,21.0,13.0,3.0,11.0,2.0,2014,11,276,Wednesday,N05C
12/10/2014,3.34,3.0,2.0,51.2,28.0,3.0,6.0,0.0,2014,12,276,Wednesday,N05C
12/16/2014,6.34,1.34,6.2,23.0,23.0,3.0,4.0,1.0,2014,12,276,Tuesday,N05C
12/31/2014,5.67,6.33,2.5,41.08,14.0,3.0,10.0,1.0,2014,12,276,Wednesday,N05C
1/3/2015,9.0,4.67,6.0,57.24,11.0,3.0,0.0,4.0,2015,1,276,Saturday,N05C
1/10/2015,6.0,5.864,7.0,32.6,14.0,3.0,1.0,1.0,2015,1,276,Saturday,N05C
1/28/2015,3.0,5.34,3.0,32.0,18.0,3.0,5.0,3.0,2015,1,276,Wednesday,N05C
1/29/2015,4.34,5.71,8.7,24.4,16.0,3.0,11.0,3.0,2015,1,276,Thursday,N05C
3/1/2015,9.0,7.893,2.7,25.9,3.0,4.0,0.0,4.0,2015,3,276,Sunday,N05C
5/25/2015,9.66,3.33,4.0,30.0,11.0,3.0,0.0,3.0,2015,5,276,Monday,N05C
6/2/2015,8.33,8.0,7.9,24.0,10.0,4.0,3.0,6.0,2015,6,276,Tuesday,N05C
7/18/2015,3.68,7.38,2.0,25.0,8.0,3.0,1.0,3.0,2015,7,276,Saturday,N05C
8/22/2015,2.34,6.736,4.0,28.0,6.0,3.0,1.0,6.0,2015,8,276,Saturday,N05C
8/29/2015,10.84,10.34,4.0,23.2,4.0,3.0,3.0,2.0,2015,8,276,Saturday,N05C
9/12/2015,4.66,7.66,5.2,63.3,6.0,3.0,0.0,2.0,2015,9,276,Saturday,N05C
11/4/2015,8.5,2.34,3.0,59.8,18.0,3.0,3.0,4.0,2015,11,276,Wednesday,N05C
11/24/2015,5.0,6.33,6.4,19.8,12.0,3.0,1.0,5.0,2015,11,276,Tuesday,N05C
12/2/2015,1.0,3.33,2.4,42.0,23.0,4.0,0.0,0.0,2015,12,276,Wednesday,N05C
12/4/2015,3.33,4.759,4.7,25.6,9.0,3.0,3.0,1.0,2015,12,276,Friday,N05C
12/18/2015,4.33,8.901,4.3,27.2,12.0,4.0,2.0,1.0,2015,12,276,Friday,N05C
12/26/2015,4.67,1.66,5.0,87.2,15.0,3.0,0.0,4.3,2015,12,276,Saturday,N05C
12/28/2015,4.0,5.099,9.2,61.5,18.0,3.0,26.0,1.0,2015,12,276,Monday,N05C
1/8/2016,8.0,3.463,7.7,39.2,8.0,3.0,2.0,2.0,2016,1,276,Friday,N05C
1/20/2016,2.32,3.363,3.0,15.1,29.0,3.0,3.0,2.0,2016,1,276,Wednesday,N05C
1/21/2016,5.0,1.43,1.0,68.4,8.0,4.0,6.0,5.0,2016,1,276,Thursday,N05C
1/27/2016,4.34,4.429,3.4,30.062,18.0,5.0,5.0,2.0,2016,1,276,Wednesday,N05C
2/3/2016,8.0,6.693,11.5,39.062,11.0,5.0,0.0,0.0,2016,2,276,Wednesday,N05C
4/18/2016,3.66,2.0,5.0,22.1,15.0,3.0,7.0,7.0,2016,4,276,Monday,N05C
4/20/2016,2.66,3.33,2.4,17.1,11.0,5.0,15.0,3.0,2016,4,276,Wednesday,N05C
5/5/2016,4.66,3.0,6.0,41.0,16.0,3.0,1.0,2.0,2016,5,276,Thursday,N05C
5/27/2016,8.67,2.683,5.25,17.0,14.0,7.0,2.0,6.0,2016,5,276,Friday,N05C
6/2/2016,2.33,6.0,1.05,21.25,18.0,3.0,4.0,1.0,2016,6,276,Thursday,N05C
6/28/2016,1.33,1.429,2.25,24.0,20.0,5.0,2.0,7.0,2016,6,276,Tuesday,N05C
6/29/2016,7.0,8.01,6.5,22.0,12.5,7.0,1.0,2.0,2016,6,276,Wednesday,N05C
7/4/2016,8.34,5.34,1.15,14.0,8.0,3.0,7.0,6.0,2016,7,276,Monday,N05C
8/12/2016,8.66,5.66,6.1,27.6,6.0,4.0,0.0,2.0,2016,8,276,Friday,N05C
8/21/2016,8.0,3.627,7.4,39.0,3.0,4.0,1.0,1.0,2016,8,276,Sunday,N05C
9/6/2016,5.0,1.33,1.0,32.8,14.0,3.0,0.0,3.0,2016,9,276,Tuesday,N05C
9/23/2016,2.33,6.99,6.0,28.4,13.0,3.0,7.0,1.0,2016,9,276,Friday,N05C
9/27/2016,7.0,4.67,7.4,51.7,17.0,3.0,1.0,3.0,2016,9,276,Tuesday,N05C
10/18/2016,3.0,5.056,9.0,42.1,9.0,3.0,7.0,3.1,2016,10,276,Tuesday,N05C
11/14/2016,10.0,4.726,3.8,50.5,5.0,3.0,1.0,1.0,2016,11,276,Monday,N05C
11/15/2016,5.33,0.33,4.0,30.1,27.0,5.0,5.0,1.0,2016,11,276,Tuesday,N05C
11/25/2016,7.34,5.0,7.0,21.0,20.0,4.0,5.0,1.0,2016,11,276,Friday,N05C
11/26/2016,3.33,5.0,4.0,36.0,9.0,3.0,12.0,2.0,2016,11,276,Saturday,N05C
12/7/2016,4.34,2.726,1.7,47.0,8.0,3.0,7.0,3.0,2016,12,276,Wednesday,N05C
12/12/2016,3.66,2.429,3.1,44.5,28.33333333,3.0,21.0,4.0,2016,12,276,Monday,N05C
12/16/2016,7.33,6.32,2.2,39.775,8.0,3.0,23.0,1.0,2016,12,276,Friday,N05C
12/29/2016,11.0,6.01,6.35,81.2,4.0,3.0,6.0,2.0,2016,12,276,Thursday,N05C
1/20/2017,3.608333333,4.73875,4.125,37.625,23.33333333,2.916666667,12.5,2.5,2017,1,276,Friday,N05C
1/30/2017,8.058333333,5.61625,7.0,35.5175,17.08333333,4.166666667,7.083333333,4.166666667,2017,1,276,Monday,N05C
3/12/2017,7.68,7.01,2.0,48.0,6.0,4.0,15.0,2.0,2017,3,276,Sunday,N05C
5/8/2017,2.33,3.66,1.0,8.0,8.0,3.0,1.0,5.6,2017,5,276,Monday,N05C
5/12/2017,4.99,4.703,6.0,16.4,4.0,9.0,0.0,6.0,2017,5,276,Friday,N05C
5/15/2017,5.34,4.703,2.0,17.0,0.0,3.0,3.0,7.0,2017,5,276,Monday,N05C
5/31/2017,4.0,2.429,7.0,12.2,6.0,4.0,1.0,5.0,2017,5,276,Wednesday,N05C
6/14/2017,1.33,1.33,1.0,9.0,6.0,3.0,5.0,3.0,2017,6,276,Wednesday,N05C
7/13/2017,3.33,3.34,2.15,9.6,5.0,3.0,3.0,2.0,2017,7,276,Thursday,N05C
7/19/2017,6.33,3.66,4.0,20.6,6.0,3.0,1.0,6.0,2017,7,276,Wednesday,N05C
8/11/2017,4.33,1.65,5.1,8.0,6.0,3.0,0.0,0.0,2017,8,276,Friday,N05C
8/30/2017,7.67,3.99,3.15,17.0,4.0,3.0,0.0,2.0,2017,8,276,Wednesday,N05C
9/25/2017,1.0,2.517,1.0,39.2,7.0,3.0,26.0,1.0,2017,9,276,Monday,N05C
9/27/2017,4.0,2.33,3.0,38.0,7.0,3.0,3.0,0.0,2017,9,276,Wednesday,N05C
9/29/2017,1.0,5.0,3.0,35.4,8.0,6.0,5.0,1.0,2017,9,276,Friday,N05C
10/3/2017,0.34,2.1,3.15,57.2,21.0,3.0,5.0,2.0,2017,10,276,Tuesday,N05C
10/21/2017,3.33,3.769,3.3,25.2,9.0,3.0,5.0,4.0,2017,10,276,Saturday,N05C
11/3/2017,2.33,7.67,4.4,37.4,10.0,3.0,6.0,1.0,2017,11,276,Friday,N05C
11/6/2017,8.34,3.2,2.0,20.2,11.0,3.0,8.0,1.0,2017,11,276,Monday,N05C
11/15/2017,5.33,2.726,7.7,17.0,8.0,3.0,0.0,1.0,2017,11,276,Wednesday,N05C
11/28/2017,5.0,1.34,5.35,40.6,5.0,3.0,8.0,3.0,2017,11,276,Tuesday,N05C
12/28/2017,7.33,3.462,5.1,35.35,12.0,3.0,24.0,1.0,2017,12,276,Thursday,N05C
1/9/2018,5.33,2.099,5.0,33.825,9.0,6.0,10.0,1.0,2018,1,276,Tuesday,N05C
1/29/2018,2.33,4.363,4.25,47.9,10.0,3.0,4.0,1.0,2018,1,276,Monday,N05C
2/27/2018,3.33,2.65,3.4,26.7,20.0,9.0,8.0,1.0,2018,2,276,Tuesday,N05C
3/2/2018,4.0,3.0,9.5,38.4,24.0,3.0,17.0,5.5,2018,3,276,Friday,N05C
3/6/2018,9.5,6.33,5.85,22.2,22.0,8.0,2.0,1.0,2018,3,276,Tuesday,N05C
3/7/2018,4.5,1.67,4.0,20.2,31.0,5.0,11.0,1.4,2018,3,276,Wednesday,N05C
3/10/2018,6.0,4.109,4.0,21.7,11.0,3.0,17.0,6.0,2018,3,276,Saturday,N05C
3/26/2018,5.0,9.66,0.2,27.6,15.0,4.0,5.0,3.3,2018,3,276,Monday,N05C
3/30/2018,5.33,4.46,9.0,42.0,33.0,8.0,3.0,2.0,2018,3,276,Friday,N05C
4/3/2018,1.0,2.529,2.0,38.0,10.0,6.0,5.0,3.5,2018,4,276,Tuesday,N05C
4/10/2018,2.0,3.067,2.0,38.3,18.0,3.0,7.0,10.0,2018,4,276,Tuesday,N05C
5/19/2018,2.34,2.561,1.0,18.4,7.0,5.0,0.0,5.0,2018,5,276,Saturday,N05C
6/2/2018,8.0,3.086,4.0,23.0,9.0,3.0,7.0,9.0,2018,6,276,Saturday,N05C
6/6/2018,6.0,2.34,0.15,17.25,16.0,3.0,0.0,2.0,2018,6,276,Wednesday,N05C
6/20/2018,3.66,4.528,2.5,15.062,8.0,3.0,11.0,2.6,2018,6,276,Wednesday,N05C
6/25/2018,3.33,3.099,0.0,31.062,12.0,3.0,5.0,2.0,2018,6,276,Monday,N05C
7/5/2018,4.33,2.759,4.0,15.0,6.0,3.0,3.0,1.0,2018,7,276,Thursday,N05C
7/9/2018,3.33,2.0,4.0,31.0,12.0,3.0,0.0,3.0,2018,7,276,Monday,N05C
7/12/2018,3.0,4.34,7.0,24.0,11.0,4.0,0.0,3.0,2018,7,276,Thursday,N05C
8/4/2018,5.0,3.87,2.0,8.0,11.0,3.0,0.0,8.0,2018,8,276,Saturday,N05C
8/16/2018,3.33,8.729,4.0,27.4,6.0,3.0,5.0,5.0,2018,8,276,Thursday,N05C
9/10/2018,7.0,2.406,2.0,49.4,14.0,3.0,1.0,2.0,2018,9,276,Monday,N05C
10/8/2018,4.0,1.68,3.0,30.0,18.0,5.0,0.0,3.0,2018,10,276,Monday,N05C
10/16/2018,6.0,5.322,2.0,27.3,5.0,3.0,6.0,0.0,2018,10,276,Tuesday,N05C
10/21/2018,6.67,8.69,1.0,56.3,5.0,3.0,5.0,1.0,2018,10,276,Sunday,N05C
10/28/2018,5.33,5.33,1.6,53.75,9.0,3.0,13.0,3.0,2018,10,276,Sunday,N05C
11/1/2018,7.84,0.34,3.0,25.0,6.0,3.0,7.0,0.0,2018,11,276,Thursday,N05C
11/7/2018,7.0,1.863,3.0,38.9,15.0,3.0,8.0,0.0,2018,11,276,Wednesday,N05C
11/19/2018,6.01,2.44,2.0,47.2,6.0,3.0,3.0,0.0,2018,11,276,Monday,N05C
12/1/2018,7.0,8.779,2.05,41.0,7.0,3.0,13.0,2.0,2018,12,276,Saturday,N05C
12/11/2018,4.0,4.01,8.35,28.0,12.0,3.0,2.0,5.5,2018,12,276,Tuesday,N05C
12/18/2018,0.33,2.473,1.0,34.5,12.0,3.0,9.0,2.0,2018,12,276,Tuesday,N05C
12/20/2018,8.34,1.66,1.0,27.0,12.0,3.0,1.0,0.0,2018,12,276,Thursday,N05C
12/25/2018,8.0,6.076,5.1,42.6,9.0,3.0,21.0,2.0,2018,12,276,Tuesday,N05C
12/28/2018,11.67,5.845,1.0,56.4,11.0,6.0,9.0,0.0,2018,12,276,Friday,N05C
1/9/2019,3.0,1.33,2.0,64.8,24.0,3.0,10.0,1.0,2019,1,276,Wednesday,N05C
1/17/2019,5.34,3.68,3.7,55.6,10.0,3.0,8.0,1.0,2019,1,276,Thursday,N05C
1/24/2019,4.0,4.495,6.0,47.3,7.0,4.0,2.0,3.0,2019,1,276,Thursday,N05C
2/8/2019,2.0,6.373,7.0,50.2,9.0,3.0,12.0,5.0,2019,2,276,Friday,N05C
3/2/2019,4.01,1.33,4.0,46.0,9.0,3.0,0.0,5.0,2019,3,276,Saturday,N05C
3/5/2019,3.01,2.33,0.2,20.0,8.0,3.0,6.0,5.3,2019,3,276,Tuesday,N05C
3/11/2019,14.66,3.67,2.5,26.4,10.0,3.0,11.0,3.0,2019,3,276,Monday,N05C
4/10/2019,2.34,2.746,2.0,34.0,16.2,3.0,9.0,8.0,2019,4,276,Wednesday,N05C
4/16/2019,2.0,2.67,2.0,27.2,12.0,3.0,1.0,3.0,2019,4,276,Tuesday,N05C
4/20/2019,9.0,3.769,1.5,22.4,12.0,3.0,0.0,6.0,2019,4,276,Saturday,N05C
4/24/2019,2.34,4.747,3.0,39.1,13.0,3.0,12.0,2.0,2019,4,276,Wednesday,N05C
5/3/2019,4.01,2.34,3.0,24.0,11.0,3.0,16.0,8.0,2019,5,276,Friday,N05C
5/20/2019,3.67,6.396,5.0,21.3,11.0,4.0,13.0,5.0,2019,5,276,Monday,N05C
6/9/2019,9.33,1.033,8.0,16.5,7.0,4.0,0.0,5.0,2019,6,276,Sunday,N05C
6/20/2019,5.0,4.363,3.0,15.0,9.0,4.0,0.0,4.0,2019,6,276,Thursday,N05C
6/21/2019,3.0,2.33,3.0,24.8,8.0,3.0,4.0,6.0,2019,6,276,Friday,N05C
6/24/2019,10.0,4.68,3.1,19.0,9.0,3.0,3.0,7.0,2019,6,276,Monday,N05C
7/9/2019,2.67,2.703,8.0,15.0,12.0,4.0,3.0,2.0,2019,7,276,Tuesday,N05C
7/13/2019,5.0,3.417,1.0,17.6,5.0,3.0,0.0,5.0,2019,7,276,Saturday,N05C
7/27/2019,3.34,0.0,1.0,22.0,6.0,3.0,2.0,3.4,2019,7,276,Saturday,N05C
7/30/2019,9.5,6.187,5.0,19.0,9.0,4.0,33.0,5.0,2019,7,276,Tuesday,N05C
8/3/2019,5.34,4.68,2.3,12.0,6.0,5.0,1.0,3.4,2019,8,276,Saturday,N05C
8/9/2019,3.0,3.25,0.0,8.0,13.0,5.0,1.0,5.0,2019,8,276,Friday,N05C
9/3/2019,9.36,2.35,3.1,12.125,8.0,3.0,1.0,2.0,2019,9,276,Tuesday,N05C
9/7/2019,8.33,3.67,2.0,27.0,14.0,3.0,6.0,2.0,2019,9,276,Saturday,N05C
9/9/2019,1.18,2.124,3.0,26.0,4.0,3.0,5.0,2.0,2019,9,276,Monday,N05C
10/1/2019,11.34,2.406,0.1,47.0,15.0,4.0,17.0,1.5,2019,10,276,Tuesday,N05C
1/3/2014,8.0,4.0,4.4,50.6,16.0,0.0,20.0,4.0,2014,1,276,Friday,R03
3/13/2014,2.31,4.36,5.3,15.5,10.0,0.0,26.0,2.0,2014,3,276,Thursday,R03
5/13/2014,3.68,0.34,6.2,32.0,7.0,0.0,25.0,7.5,2014,5,276,Tuesday,R03
9/17/2014,2.34,6.0,4.0,39.6,11.0,2.0,19.0,4.0,2014,9,276,Wednesday,R03
9/19/2014,2.0,4.34,7.8,23.0,8.0,0.0,22.0,0.0,2014,9,276,Friday,R03
9/30/2014,10.0,5.34,4.0,61.3,10.0,2.0,22.0,2.0,2014,9,276,Tuesday,R03
10/4/2014,4.68,7.766,8.0,49.9,12.0,1.0,25.0,0.0,2014,10,276,Saturday,R03
10/21/2014,2.34,4.34,6.4,14.3,11.0,0.0,20.0,1.0,2014,10,276,Tuesday,R03
10/29/2014,5.0,1.0,6.6,41.0,20.0,2.0,27.0,1.0,2014,10,276,Wednesday,R03
1/19/2015,5.34,2.68,1.1,32.0,12.0,0.0,20.0,2.0,2015,1,276,Monday,R03
1/24/2015,4.34,3.33,9.2,49.7,31.0,0.0,22.0,1.0,2015,1,276,Saturday,R03
2/11/2015,3.0,5.14,3.6,48.5,16.0,0.0,20.0,2.0,2015,2,276,Wednesday,R03
2/13/2015,6.01,4.23,7.0,29.6,11.0,1.0,22.0,1.0,2015,2,276,Friday,R03
2/20/2015,5.33,4.66,0.5,27.0,5.0,0.0,25.0,6.0,2015,2,276,Friday,R03
2/23/2015,5.0,3.16,7.5,55.4,9.0,0.0,20.0,0.0,2015,2,276,Monday,R03
3/18/2015,7.33,2.0,5.3,24.4,5.0,0.0,20.0,2.0,2015,3,276,Wednesday,R03
3/27/2015,3.0,2.67,2.0,27.0,3.0,0.0,22.0,1.0,2015,3,276,Friday,R03
5/26/2015,7.34,3.34,4.5,27.0,11.0,0.0,22.0,10.0,2015,5,276,Tuesday,R03
5/28/2015,6.0,2.33,6.7,17.1,3.0,0.0,20.0,3.0,2015,5,276,Thursday,R03
6/7/2015,6.34,5.01,2.0,17.0,6.0,1.0,22.0,6.0,2015,6,276,Sunday,R03
6/17/2015,3.66,3.32,8.66,24.0,10.0,1.0,20.0,2.0,2015,6,276,Wednesday,R03
6/18/2015,3.0,5.33,7.0,24.6,4.0,0.0,23.0,3.6,2015,6,276,Thursday,R03
10/8/2015,8.82,4.33,3.0,30.7,5.0,0.0,20.0,0.0,2015,10,276,Thursday,R03
11/12/2015,6.0,4.33,6.0,24.0,11.0,0.0,20.0,0.0,2015,11,276,Thursday,R03
12/13/2015,9.33,4.32,7.0,29.0,5.0,0.0,27.0,0.0,2015,12,276,Sunday,R03
12/14/2015,5.0,3.0,6.6,37.4,11.0,0.0,21.0,1.0,2015,12,276,Monday,R03
12/28/2015,4.0,5.099,9.2,61.5,18.0,3.0,26.0,1.0,2015,12,276,Monday,R03
2/8/2016,6.33,6.99,5.5,28.038,5.0,0.0,23.0,1.0,2016,2,276,Monday,R03
2/12/2016,5.99,6.429,8.5,60.675,4.0,0.0,20.0,1.0,2016,2,276,Friday,R03
2/19/2016,4.0,1.67,4.0,28.7,18.0,2.0,26.0,1.0,2016,2,276,Friday,R03
2/28/2016,8.0,4.033,10.1,66.5,6.0,0.0,26.0,5.0,2016,2,276,Sunday,R03
3/12/2016,3.0,6.373,1.4,41.8,4.0,0.0,23.0,1.0,2016,3,276,Saturday,R03
3/14/2016,4.33,3.32,10.0,35.9,12.0,0.0,23.0,1.0,2016,3,276,Monday,R03
3/21/2016,5.0,8.056,6.0,45.7,11.0,0.0,36.0,7.0,2016,3,276,Monday,R03
4/2/2016,3.67,2.0,7.0,32.3,4.0,0.0,19.0,7.4,2016,4,276,Saturday,R03
5/14/2016,5.34,4.67,5.55,31.25,13.0,0.0,21.0,1.0,2016,5,276,Saturday,R03
6/16/2016,4.0,0.33,1.0,20.5,4.0,0.0,22.0,3.0,2016,6,276,Thursday,R03
7/1/2016,4.0,2.01,5.5,24.0,1.0,0.0,20.0,7.0,2016,7,276,Friday,R03
8/5/2016,10.33,3.42,3.7,21.0,24.0,0.0,24.0,1.3,2016,8,276,Friday,R03
12/2/2016,6.0,1.076,3.2,43.0,14.0,0.0,26.0,0.2,2016,12,276,Friday,R03
12/6/2016,6.0,5.09,4.4,27.2,4.0,0.0,20.0,1.0,2016,12,276,Tuesday,R03
12/12/2016,3.66,2.429,3.1,44.5,28.33333333,3.0,21.0,4.0,2016,12,276,Monday,R03
12/16/2016,7.33,6.32,2.2,39.775,8.0,3.0,23.0,1.0,2016,12,276,Friday,R03
4/3/2017,6.33,1.0,5.6,25.6,8.0,0.0,20.0,3.0,2017,4,276,Monday,R03
4/25/2017,8.0,2.99,2.2,24.0,4.0,0.0,26.0,5.0,2017,4,276,Tuesday,R03
5/3/2017,1.33,3.34,6.0,18.2,6.0,0.0,20.0,2.0,2017,5,276,Wednesday,R03
6/3/2017,5.0,1.726,3.0,10.0,3.0,1.0,22.0,2.0,2017,6,276,Saturday,R03
6/7/2017,5.33,4.693,4.0,21.0,13.0,0.0,20.0,7.0,2017,6,276,Wednesday,R03
6/29/2017,4.0,3.67,6.0,17.0,1.0,0.0,21.0,5.0,2017,6,276,Thursday,R03
7/5/2017,4.5,1.66,2.0,16.0,20.0,0.0,22.0,6.0,2017,7,276,Wednesday,R03
7/18/2017,9.67,5.67,1.5,14.0,8.0,0.0,20.0,4.0,2017,7,276,Tuesday,R03
9/25/2017,1.0,2.517,1.0,39.2,7.0,3.0,26.0,1.0,2017,9,276,Monday,R03
9/30/2017,5.33,3.01,3.0,61.9,6.0,0.0,28.0,0.0,2017,9,276,Saturday,R03
10/1/2017,4.0,5.891,3.0,72.1,7.0,1.0,20.0,1.0,2017,10,276,Sunday,R03
10/14/2017,4.84,3.66,4.0,42.2,9.0,1.0,20.0,0.0,2017,10,276,Saturday,R03
10/23/2017,3.33,1.363,2.0,28.6,4.0,0.0,28.0,1.0,2017,10,276,Monday,R03
10/27/2017,6.32,2.363,6.0,26.0,14.0,1.0,21.0,2.0,2017,10,276,Friday,R03
11/10/2017,9.34,6.66,6.2,34.0,9.0,0.0,22.0,2.0,2017,11,276,Friday,R03
11/14/2017,3.0,0.859,2.0,6.8,14.0,0.0,19.0,1.0,2017,11,276,Tuesday,R03
11/17/2017,3.0,4.837,3.0,34.0,5.0,0.0,30.0,2.0,2017,11,276,Friday,R03
12/28/2017,7.33,3.462,5.1,35.35,12.0,3.0,24.0,1.0,2017,12,276,Thursday,R03
1/5/2018,12.0,6.825,3.0,26.0,11.0,0.0,21.0,1.0,2018,1,276,Friday,R03
1/17/2018,6.67,2.85,2.0,30.2,10.0,2.0,41.0,2.0,2018,1,276,Wednesday,R03
2/7/2018,4.84,8.132,3.2,44.8,8.0,0.0,23.0,0.0,2018,2,276,Wednesday,R03
2/22/2018,5.0,6.33,3.15,30.0,6.0,0.0,20.0,0.0,2018,2,276,Thursday,R03
3/13/2018,2.0,5.066,5.2,15.2,18.0,0.0,21.0,5.0,2018,3,276,Tuesday,R03
4/1/2018,6.83,3.34,0.0,37.0,19.0,1.0,22.0,5.0,2018,4,276,Sunday,R03
4/6/2018,3.67,3.0,4.2,33.525,13.0,0.0,23.0,5.0,2018,4,276,Friday,R03
4/13/2018,4.5,2.033,5.0,23.0,12.0,0.0,23.0,4.0,2018,4,276,Friday,R03
4/25/2018,9.0,7.66,5.0,18.1,8.0,2.0,30.0,9.0,2018,4,276,Wednesday,R03
5/14/2018,6.0,6.539,1.0,20.0,4.0,1.0,37.0,3.0,2018,5,276,Monday,R03
7/4/2018,1.0,2.83,3.5,16.25,6.0,0.0,22.0,7.0,2018,7,276,Wednesday,R03
8/20/2018,4.0,5.68,4.2,21.4,7.0,0.0,20.0,3.0,2018,8,276,Monday,R03
8/23/2018,5.0,4.067,4.0,35.0,8.0,0.0,23.0,3.0,2018,8,276,Thursday,R03
8/24/2018,4.0,2.34,1.0,38.5,7.0,0.0,21.0,4.0,2018,8,276,Friday,R03
8/31/2018,4.34,3.34,0.0,17.2,13.0,1.0,20.0,4.0,2018,8,276,Friday,R03
9/7/2018,2.0,1.746,4.0,42.0,6.0,0.0,22.0,7.7,2018,9,276,Friday,R03
9/22/2018,6.0,3.833,1.5,31.6,6.0,1.0,23.0,3.0,2018,9,276,Saturday,R03
9/25/2018,6.0,4.736,3.3,53.85,11.0,0.0,22.0,2.0,2018,9,276,Tuesday,R03
9/29/2018,3.5,5.33,2.15,57.7,4.0,0.0,21.0,1.0,2018,9,276,Saturday,R03
10/1/2018,3.0,4.932,1.0,53.0,10.0,0.0,21.0,3.0,2018,10,276,Monday,R03
10/9/2018,2.0,1.67,1.0,30.0,18.0,0.0,29.0,1.0,2018,10,276,Tuesday,R03
10/10/2018,9.0,8.01,4.1,41.2,13.0,0.0,20.0,2.0,2018,10,276,Wednesday,R03
10/20/2018,2.34,2.02,2.0,33.0,9.0,0.0,34.0,5.0,2018,10,276,Saturday,R03
10/22/2018,2.66,7.01,3.3,18.8,8.0,0.0,28.0,1.3,2018,10,276,Monday,R03
10/25/2018,5.33,5.429,3.0,52.2,12.0,0.0,33.0,3.0,2018,10,276,Thursday,R03
11/9/2018,5.0,0.67,5.0,43.0,7.0,1.0,22.0,0.0,2018,11,276,Friday,R03
11/12/2018,2.34,2.33,7.0,35.0,15.0,2.0,24.0,1.0,2018,11,276,Monday,R03
11/15/2018,2.0,4.083,2.0,49.6,3.0,2.0,29.0,0.0,2018,11,276,Thursday,R03
11/23/2018,6.0,4.472,3.0,29.6,13.0,1.0,24.0,3.0,2018,11,276,Friday,R03
12/2/2018,3.17,5.779,10.0,65.7,6.0,0.0,27.0,8.0,2018,12,276,Sunday,R03
12/12/2018,4.33,2.0,3.0,37.6,11.0,0.0,21.0,0.0,2018,12,276,Wednesday,R03
12/14/2018,2.0,2.0,0.2,23.4,2.0,1.0,29.0,1.0,2018,12,276,Friday,R03
12/15/2018,4.0,2.34,3.45,62.4,5.0,0.0,26.0,2.3,2018,12,276,Saturday,R03
12/17/2018,6.34,2.01,5.0,53.0,6.0,1.0,22.0,2.0,2018,12,276,Monday,R03
12/25/2018,8.0,6.076,5.1,42.6,9.0,3.0,21.0,2.0,2018,12,276,Tuesday,R03
12/30/2018,5.33,7.593,5.0,59.9,6.0,0.0,31.0,3.3,2018,12,276,Sunday,R03
1/5/2019,8.01,3.69,3.1,62.75,10.0,0.0,30.0,1.0,2019,1,276,Saturday,R03
1/15/2019,4.33,4.33,3.65,30.4,9.0,0.0,19.0,1.0,2019,1,276,Tuesday,R03
1/18/2019,6.33,6.439,4.0,27.8,13.0,0.0,24.0,2.0,2019,1,276,Friday,R03
1/20/2019,11.67,14.463,2.1,93.05,6.0,0.0,34.0,1.0,2019,1,276,Sunday,R03
1/21/2019,4.34,5.825,0.0,67.15,11.0,0.0,31.0,0.0,2019,1,276,Monday,R03
1/23/2019,3.33,8.463,7.1,58.4,4.0,0.0,23.0,2.0,2019,1,276,Wednesday,R03
1/28/2019,8.5,7.109,3.0,45.0,11.0,0.0,28.0,3.0,2019,1,276,Monday,R03
1/31/2019,1.67,11.505,2.0,62.2,8.0,1.0,20.0,2.0,2019,1,276,Thursday,R03
2/2/2019,13.34,12.706,6.2,64.262,8.0,1.0,45.0,0.0,2019,2,276,Saturday,R03
2/7/2019,2.33,5.132,4.5,42.6,11.0,0.0,22.0,1.0,2019,2,276,Thursday,R03
2/28/2019,0.67,3.33,4.0,34.0,2.0,1.0,35.0,3.0,2019,2,276,Thursday,R03
3/14/2019,4.0,5.67,0.2,47.2,12.0,1.0,27.0,6.0,2019,3,276,Thursday,R03
3/15/2019,2.83,1.34,3.0,40.0,7.0,1.0,20.0,5.0,2019,3,276,Friday,R03
3/20/2019,5.67,2.0,2.0,28.9,8.2,0.0,19.0,5.0,2019,3,276,Wednesday,R03
3/22/2019,4.66,7.043,1.1,41.0,13.0,0.0,29.0,6.0,2019,3,276,Friday,R03
3/26/2019,4.0,5.51,3.0,36.0,11.0,0.0,19.0,9.0,2019,3,276,Tuesday,R03
4/17/2019,7.0,4.0,1.25,13.5,11.0,1.0,24.0,5.0,2019,4,276,Wednesday,R03
4/22/2019,8.67,1.66,4.5,51.0,12.0,0.0,31.0,9.0,2019,4,276,Monday,R03
4/30/2019,2.0,1.407,8.0,22.0,13.0,2.0,28.0,8.4,2019,4,276,Tuesday,R03
5/8/2019,9.0,4.033,3.0,13.0,15.0,2.0,20.0,0.0,2019,5,276,Wednesday,R03
5/9/2019,5.0,2.33,2.1,12.5,10.0,1.0,31.0,4.0,2019,5,276,Thursday,R03
5/10/2019,5.0,1.34,5.5,11.6,13.0,2.0,26.0,2.0,2019,5,276,Friday,R03
5/12/2019,4.67,1.68,3.1,38.8,2.0,1.0,19.0,5.0,2019,5,276,Sunday,R03
7/30/2019,9.5,6.187,5.0,19.0,9.0,4.0,33.0,5.0,2019,7,276,Tuesday,R03
8/7/2019,6.0,1.759,2.0,9.0,7.0,0.0,21.0,3.0,2019,8,276,Wednesday,R03
8/8/2019,7.66,1.01,3.0,15.0,10.0,0.0,31.0,3.0,2019,8,276,Thursday,R03
9/26/2019,5.5,3.033,2.0,31.0,13.0,0.0,31.0,0.0,2019,9,276,Thursday,R03
5/7/2014,3.33,6.32,3.0,16.8,8.0,1.0,3.0,11.0,2014,5,276,Wednesday,R06
5/19/2014,8.34,3.84,6.1,12.8,5.0,0.0,3.0,9.0,2014,5,276,Monday,R06
5/24/2014,3.0,4.713,5.0,28.0,11.0,1.0,0.0,9.0,2014,5,276,Saturday,R06
6/9/2014,6.33,1.34,5.0,18.0,17.0,4.0,0.0,11.0,2014,6,276,Monday,R06
6/11/2014,4.34,0.68,2.3,12.5,16.0,2.0,12.0,9.0,2014,6,276,Wednesday,R06
4/27/2015,3.0,0.78,4.0,43.0,10.0,0.0,0.0,10.0,2015,4,276,Monday,R06
5/7/2015,2.0,3.34,2.0,21.0,4.0,1.0,5.0,10.0,2015,5,276,Thursday,R06
5/10/2015,3.34,5.427,3.8,13.0,3.0,0.0,1.0,10.0,2015,5,276,Sunday,R06
5/26/2015,7.34,3.34,4.5,27.0,11.0,0.0,22.0,10.0,2015,5,276,Tuesday,R06
5/31/2015,3.0,4.697,6.3,31.5,2.0,0.0,0.0,10.5,2015,5,276,Sunday,R06
6/15/2015,4.0,3.36,5.0,37.0,9.0,0.0,6.0,9.0,2015,6,276,Monday,R06
7/1/2015,8.83,5.68,5.4,18.25,14.0,1.0,12.0,10.0,2015,7,276,Wednesday,R06
7/11/2015,4.0,2.33,4.9,45.0,9.0,0.0,2.0,10.0,2015,7,276,Saturday,R06
7/15/2015,8.49,1.66,4.0,20.2,5.0,0.0,1.0,9.0,2015,7,276,Wednesday,R06
7/24/2015,6.0,6.34,3.6,29.6,9.0,1.0,1.0,10.0,2015,7,276,Friday,R06
4/1/2016,6.33,3.01,2.7,50.4,4.0,0.0,16.0,10.5,2016,4,276,Friday,R06
4/3/2016,9.67,7.396,5.3,73.5,5.0,0.0,6.0,11.0,2016,4,276,Sunday,R06
4/5/2016,6.0,5.33,4.0,40.3,5.0,1.0,11.0,12.0,2016,4,276,Tuesday,R06
4/28/2016,4.66,6.34,6.0,28.0,17.66666667,0.0,12.0,12.0,2016,4,276,Thursday,R06
5/7/2016,3.99,8.34,4.0,47.2,5.0,1.0,0.0,10.0,2016,5,276,Saturday,R06
5/8/2016,5.0,10.66,1.0,40.4,12.0,0.0,1.0,11.0,2016,5,276,Sunday,R06
5/22/2016,4.34,4.51,9.05,55.6,6.0,1.0,0.0,10.0,2016,5,276,Sunday,R06
5/26/2016,4.67,5.33,5.35,24.8,20.0,1.0,0.0,9.0,2016,5,276,Thursday,R06
5/28/2016,12.33,0.363,3.0,43.0,4.0,0.0,4.0,9.0,2016,5,276,Saturday,R06
5/29/2016,8.67,4.33,6.0,31.8,2.0,1.0,5.0,9.2,2016,5,276,Sunday,R06
6/19/2016,6.34,6.01,3.0,40.0,1.0,0.0,7.0,15.0,2016,6,276,Sunday,R06
4/2/2017,6.67,4.223,4.0,23.0,4.0,0.0,9.0,12.4,2017,4,276,Sunday,R06
4/27/2017,3.33,3.737,2.3,11.0,10.0,1.0,0.0,10.0,2017,4,276,Thursday,R06
5/11/2017,6.0,6.693,3.0,16.0,6.0,2.0,1.0,10.0,2017,5,276,Thursday,R06
5/19/2017,4.34,3.44,2.2,31.6,11.0,0.0,0.0,10.0,2017,5,276,Friday,R06
5/22/2017,5.33,1.34,4.4,22.4,5.0,0.0,7.0,11.0,2017,5,276,Monday,R06
5/27/2017,7.33,3.221,2.0,23.4,5.0,0.0,0.0,10.0,2017,5,276,Saturday,R06
6/12/2017,4.34,3.34,1.0,13.6,3.0,0.0,13.0,12.0,2017,6,276,Monday,R06
6/13/2017,2.99,3.023,3.0,8.0,9.0,0.0,0.0,9.1,2017,6,276,Tuesday,R06
6/20/2017,9.33,1.0,5.1,12.0,5.0,0.0,5.0,8.63,2017,6,276,Tuesday,R06
6/22/2017,1.0,3.34,0.0,7.0,4.0,0.0,8.0,11.0,2017,6,276,Thursday,R06
9/19/2017,3.33,6.033,1.0,43.25,6.0,2.0,6.0,9.0,2017,9,276,Tuesday,R06
4/2/2018,5.66,4.396,6.3,30.0,31.0,0.0,10.0,10.0,2018,4,276,Monday,R06
4/10/2018,2.0,3.067,2.0,38.3,18.0,3.0,7.0,10.0,2018,4,276,Tuesday,R06
4/11/2018,6.67,3.01,2.0,28.0,12.0,0.0,3.0,11.0,2018,4,276,Wednesday,R06
4/14/2018,8.0,3.68,2.0,24.0,2.0,0.0,3.0,12.0,2018,4,276,Saturday,R06
4/20/2018,5.0,4.506,0.0,15.0,10.0,0.0,6.0,9.0,2018,4,276,Friday,R06
4/23/2018,7.0,0.693,1.0,15.562,7.0,0.0,2.0,9.0,2018,4,276,Monday,R06
4/24/2018,6.0,4.462,6.0,20.0,9.0,0.0,1.0,12.0,2018,4,276,Tuesday,R06
4/25/2018,9.0,7.66,5.0,18.1,8.0,2.0,30.0,9.0,2018,4,276,Wednesday,R06
4/29/2018,7.33,6.0,6.0,14.0,5.0,0.0,14.0,10.4,2018,4,276,Sunday,R06
5/2/2018,6.0,3.526,2.0,38.2,7.0,0.0,3.0,9.0,2018,5,276,Wednesday,R06
5/3/2018,2.33,1.779,2.0,27.262,10.0,0.0,16.0,10.0,2018,5,276,Thursday,R06
5/4/2018,1.0,2.93,5.0,8.75,6.0,0.0,2.0,10.5,2018,5,276,Friday,R06
5/6/2018,3.34,10.66,0.25,18.2,9.0,0.0,3.0,13.5,2018,5,276,Sunday,R06
5/8/2018,10.5,5.84,1.0,15.0,14.0,2.0,1.0,9.0,2018,5,276,Tuesday,R06
5/11/2018,9.33,1.34,3.0,19.0,6.0,0.0,2.0,10.0,2018,5,276,Friday,R06
5/13/2018,5.16,5.759,3.0,14.4,3.0,0.0,7.0,10.0,2018,5,276,Sunday,R06
5/20/2018,7.0,8.01,1.0,45.0,6.0,1.0,0.0,10.0,2018,5,276,Sunday,R06
5/27/2018,6.33,4.518,5.0,49.262,6.0,1.0,0.0,11.0,2018,5,276,Sunday,R06
5/30/2018,4.34,1.67,2.0,16.4,9.0,0.0,14.0,10.0,2018,5,276,Wednesday,R06
6/2/2018,8.0,3.086,4.0,23.0,9.0,3.0,7.0,9.0,2018,6,276,Saturday,R06
6/21/2018,3.35,2.913,4.0,36.0,5.0,0.0,5.0,10.5,2018,6,276,Thursday,R06
8/11/2018,4.0,4.133,6.0,37.0,16.0,1.0,5.0,10.0,2018,8,276,Saturday,R06
3/10/2019,5.83,3.087,5.35,51.0,5.0,0.0,3.0,9.0,2019,3,276,Sunday,R06
3/18/2019,2.33,0.835,2.1,23.0,11.0,0.0,1.0,9.0,2019,3,276,Monday,R06
3/24/2019,6.0,2.67,3.0,43.2,6.2,1.0,16.0,10.0,2019,3,276,Sunday,R06
3/26/2019,4.0,5.51,3.0,36.0,11.0,0.0,19.0,9.0,2019,3,276,Tuesday,R06
3/27/2019,6.34,7.769,3.0,25.6,12.0,1.0,0.0,9.0,2019,3,276,Wednesday,R06
3/29/2019,3.0,4.298,4.0,25.3,10.0,0.0,16.0,9.2,2019,3,276,Friday,R06
3/31/2019,7.0,4.564,1.5,27.0,8.0,1.0,5.0,9.2,2019,3,276,Sunday,R06
4/3/2019,5.33,5.099,1.5,18.3,12.0,0.0,4.0,9.3,2019,4,276,Wednesday,R06
4/4/2019,4.5,2.226,8.0,39.0,8.0,1.0,13.0,15.0,2019,4,276,Thursday,R06
4/6/2019,3.34,6.01,3.0,13.2,13.0,0.0,16.0,9.3,2019,4,276,Saturday,R06
4/21/2019,3.84,4.845,3.0,21.0,11.0,0.0,2.0,12.2,2019,4,276,Sunday,R06
4/22/2019,8.67,1.66,4.5,51.0,12.0,0.0,31.0,9.0,2019,4,276,Monday,R06
4/26/2019,6.34,1.68,3.25,32.6,6.0,0.0,1.0,11.0,2019,4,276,Friday,R06
5/2/2019,1.68,5.429,5.5,20.0,15.0,1.0,3.0,9.0,2019,5,276,Thursday,R06
5/4/2019,9.0,5.43,4.25,25.0,5.0,1.0,16.0,9.0,2019,5,276,Saturday,R06
6/3/2019,0.33,2.505,4.0,15.4,4.0,0.0,5.0,10.0,2019,6,276,Monday,R06
6/10/2019,3.0,1.34,2.0,15.0,7.0,0.0,6.0,12.0,2019,6,276,Monday,R06
6/13/2019,0.68,3.02,0.25,19.4,2.0,0.0,2.0,9.0,2019,6,276,Thursday,R06
6/16/2019,4.0,5.35,3.0,18.0,2.0,0.0,0.0,9.0,2019,6,276,Sunday,R06
6/18/2019,5.0,4.21,3.0,29.5,8.0,0.0,2.0,12.1,2019,6,276,Tuesday,R06
9/2/2019,5.33,2.087,2.5,18.0,7.0,0.0,1.0,9.0,2019,9,276,Monday,R06
9/14/2019,8.99,6.397,3.45,24.0,12.0,0.0,2.0,10.0,2019,9,276,Saturday,R06
1/2/2014,0.0,3.67,3.4,32.4,7.0,0.0,0.0,2.0,2014,1,248,Thursday,Hour
10/8/2019,0.33,1.73,0.5,44.3,20.0,2.0,2.0,0.0,2019,10,190,Tuesday,Hour
